Eng,Chi
L,劉
A,碧
U,琪
P,
i,
k,
K,
R,R
a,a
c,c
h,h
e,e
l,l
F,F
r,r
m,m
n,n
A,莫
u,昭
g,如
u,
s,
t,
n,
e,
M,
O,
M,莫
O,昭
K,如
C,
h,
Y,
y,丸
u,仔
j,
(,
A,
R,
U,
),
J,鍾
o,金
a,寶
B,
E,
L,
R,鄺
o,韻
n,儀
l,
y,
o,
g,
C,許
r,俊
y,傑
H,
D,舞
a,蹈
n,天
c,使
C,梁
h,芷
e,茵
r,
W,盤
a,偉
y,信
H,曹
u,德
g,寶
P,林
e,詠
g,茵
g,李
y,嘉
,燕
L,文
a,慧
m,琦
C,楊
a,銘
r,熙
,(
L,舞
e,青
e,同
V,學
i,會
c,)
a,
d,
W,
D,
Q,
N,
m,
J,聶
o,曉
d,晴
p,
M,廖
r,本
s,懷
,夫
C,人
h,毛
r,妹
i,太
s,平
t,紳
i,士
J,
F,
,廖
M,本
r,懷
s,夫
,人
C,毛
h,妹
r,太
i,平
s,紳
t,士
C,舞
h,者
o,：
D,廖
a,展
n,邦
c,馮
e,樂
r,恆
s,鄭
,銘
:,恩
,李
B,婷
r,炘
u,霍
c,嘉
e,頴
,舞
L,台
i,服
u,裝
,形
V,象
i,設
c,計
t,：
o,張
r,正
,和
F,燈
u,光
n,設
g,計
,：
F,伍
a,在
n,朗
n,音
y,樂
,設
C,計
h,：
e,李
n,善
g,思
S,台
y,監
l,督
v,：
i,曾
a,詠
,詩
L,執
e,行
e,舞
,台
F,監
o,督
k,：
,鄭
K,慧
a,瑩
,監
W,製
i,：
n,何
g,德
S,貞
I,
:,
G,
S,
c,
H,許
u,俊
i,傑
F,梁
r,家
a,權
,者
,王
,廷
,琳
,梁
,家
,權
,陳
,敏
,兒
,麥
,秀
,慧
,黃
,茹
C,仇
h,詠
a,詩
,蓮
,莤
C,鍾
u,賢
L,梁
e,其
u,芬
A,陳
b,敏
b,兒
y,及
,楊
C,惠
h,美
_,
–,
K,郭
w,偉
o,傑
L,羅
O,逸
,雅
T,
S,宋
O,楠
H,鄧
e,凱
d,蒂
O,王
n,榮
g,祿
Y,添
o,強
V,郭
I,慧
V,芸
L,黎
a,少
i,玲
V,馬
i,才
c,和
o,&
,莫
M,昭
a,如
&,
,林
M,恩
a,積
M,王
r,廷
C,周
h,全
a,輝
,汪
,巧
,珊
,張
,文
,清
T,杜
o,紹
,樑
L,廖
i,春
u,慧
M,方
a,心
b,媛
G,高
a,霖
e,楊
m,春
e,江
C,煒
o,丹
l,余
l,碧
i,艷
n,蔡
s,穎
V,
W,威
i,廉
l,科
l,西
i,安
a,娜
m,．
,嘉
F,達
o,蓮
r,娜
s,．
y,羅
t,曼
h,
e,格
,雷
A,厄
n,姆
a,．
,墨
C,菲
a,趙
t,明
a,盛
l,培
i,琪
n,梅
a,卓
Z,
q,
Z,張
h,曉
a,梅
n,胡
g,錦
,明
X,余
i,載
a,恩
o,林
m,文
e,中
i,約
,瑟
W,．
u,馬
,其
K,里
a,埃
z,
Y,伍
u,宇
r,烈
i,張
,建
N,民
g,鄭
,宗
X,龍
h,李
a,華
n,倫
A,林
l,偉
l,源
e,國
u,城
w,
g,楊
,雲
K,濤
F,何
r,靜
a,茹
H,黎
e,海
l,寧
,狄
,龐
,智
,筠
,曹
,誠
,淵
,邢
,亮
,桑
,吉
,加
,黎
,海
,寧
,德
,威
,怡
,孜
,羅
,凡
?,黎
,春
,江
,榮
,祿
,梅
,卓
S,冼
i,源
S,龍
h,世
i,儀
M,梅
u,卓
i,燕
D,楊
a,春
n,江
o,昭
k,如
P,周
e,佩
w,韻
M,M
s,s
S,S
i,i
w,w
k,k
t,t
,逸
C,鄭
h,偉
e,容
Y,余
u,艷
,芬
p,周
?,?
「,梁
劉,國
迎,城
宏,
《,
每,
一,
天,
》,
尋,
常,
的,
場,
景,
演,
繹,
卻,
絕,
不,
平,
淡,
香,
港,
舞,
蹈,
者,
專,
業,
水,
準,
之,
高,
在,
這,
幕,
可,
見,
斑,
。,
」,
李,
海,
燕,
手,
札,
J,米
o,瀚
h,文
M,區
a,美
d,蓮
Y,楊
A,雲
N,濤
W,曹
i,誠
l,淵
H,黃
u,磊
H,堯
S,謝
t,傑
e,斐
f,
C,編
h,舞
r,佩
e,蒂
o,巴
p,附
h,加
y,編
M,謝
a,傑
r,斐
D,大
a,衛
v,‧
i,艾
d,倫
R,盧
u,狄
d,‧
i,凡
,登
v,士
R,羅
o,奈
n,‧
a,海
l,德
O,原
r,編
i,舞
g,：
i,佩
n,蒂
a,巴
l,艾
,化
C,李
h,夫
e,附
o,加
g,編
r,舞
a,：
p,米
h,瀚
y,文
:,白
M,樂
a,周
r,錦
i,欣
v,
N,藤
o,野
b,暢
u,央
F,堯
C,原
h,編
o,舞
r,：
e,柯
o,拉
g,里
h,栢
t,佩
r,巴
o,製
r,作
l,米
l,瀚
i,文
e,美
r,芳
b,
C,錢
H,秀
I,蓮
W,王
n,琦
T,香
a,港
n,)
,程
k,錦
i,譚
,洪
(,濤
o,(
n,內
g,地
,)
K,周
o,書
n,毅
g,吳
),易
h,(
e,台
n,灣
g,)
,金
J,甫
i,瓔
T,南
a,韓
,及
H,劉
n,仁
t,(
a,馬
o,來
,西
(,亞
M,)
J,J
g,g
L,L
D,D
v,v
d,d
u,u
I,I
z,z
o,o
B,B
W,W
O,O
b,b
J,李
i,咏
n,靜
g,梁
L,能
i,施
,寶
D,穎
a,羅
v,凡
i,黃
d,振
,邦
L,岡
e,部
u,牧
n,繪
B,三
i,大
g,歌
E,標
n,局
e,N
m,e
b,o
e,D
,a
B,n
i,c
u,e
u,H
k,K
(,(
E,甯
n,明
s,敏
m,盧
b,慧
l,怡
),歐
M,嘉
o,美
N,標
i,局
,健
T,偉
f,(
f,N
a,e
n,o
,D
L,a
o,n
,c
M,e
y,H
,K
u,)
(,丹
B,琦
x,
i,渭
l,瑜
a,陳
W,冰
n,張
g,婉
,婷
K,謝
e,宏
n,璣
C,陳
H,敏
A,兒
h,敏
a,兒
陳,陳
敏,敏
兒,兒
,與
a,O
n,t
,á
y,v
e,i
e,o
A,B
b,a
b,s
y,t
,o
&,s
á,
J,金
I,瑶
Y,堯
J,瑶
N,張
,堯
a,菲
U,卓
I,燕
N,龐
o,智
e,筠
T,譚
A,元
N,元
W,廷
O,琳
O,廷
N,琳
E,惠
U,美
u,思
s,颺
t,及
y,王
n,丹
e,琦
L,其
I,他
,三
a,位
n,舞
d,蹈
,員
E,春
U,江
D,黃
c,徽
N,吳
g,詩
,韻
h,宜
a,今
n,羅
Y,林
i,波
j,浩
y,黃
T,文
s,黃
a,振
o,邦
,劉
C,琦
e,捍
u,忠
k,馬
,波
l,黃
,振
P,邦
o,馮
n,樂
g,恆
B,思
r,颺
u,王
c,丹
i,江
,上
N,悠
N,克
i,里
l,斯
s,特
,喬
C,治
h,
i,蘭
s,欽
t,娜
e,泰
,莉
G,▪
e,維
o,亞
R,胡
i,頌
c,威
k,日
y,高
,賢
H,二
u,伍
,宇
K,烈
e,尊
n,尼
j,芬
i,•
,斯
H,納
i,李
d,怡
a,燃
k,江
Y,悠
r,思
i,正
F,費
e,波
i,克
,里
B,茲
o,托
K,．
r,帕
z,斯
y,特
s,伍
z,宇
t,烈
o,彼
f,得
,．
P,奎
a,安
s,斯
,佩
M,蒂
r,艾
i,化
u,李
,米
P,瀚
e,文
t,白
i,家
p,樂
,錦
L,欣
K,陳
i,建
n,生
s,彼
u,得
n,．
,奎
C,安
h,斯
a,費
n,波
p,謝
h,麗
e,娜
n,盛
,培
J,琪
M,佩
a,蒂
u,化
s,李
N,娜
a,泰
t,莉
l,維
i,亞
J,柯
e,拉
a,里
n,栢
C,佩
o,蒂
v,．
Y,江
u,上
h,悠
,胡
E,頌
g,威
a,李
m,嘉
i,博
R,怡
i,燃
c,劉
k,苗
y,苗
,尊
H,尼
,‧
L,斯
i,納
J,迎
i,宏
a,謝
,茵
X,
N,納
a,曹
c,．
h,杜
,陶
D,卡
u,尼
a,柏
t,諾
o,烈
V,俊
a,梁
l,殷
,實
C,施
a,普
n,克
i,喬
p,治
o,蘭
l,欽
T,泰
e,蘭
r,斯
e,‧
n,科
c,勒
J,顏
o,堅
s,輝
R,黃
e,碧
b,琪
e,羅
c,雪
c,芬
a,何
,蕤
W,渟
t,王
y,丹
e,@
,N
L,e
i,o
&,D
T,n
a,c
n,e
@,
A,黃
l,瑞
a,麟
K,李
a,家
k,祺
A,吳
l,肇
z,南
J,姚
u,潔
d,琪
M,鄧
a,麗
r,薇
W,胡
u,錦
K,何
a,靜
m,茹
,郭
m,曉
i,靈
C,C
y,y
K,L
m,u
,r
m,a
n,A
g,r
L,i
a,s
r,A
a,l
,v
A,a
i,e
s,z
A,煒
l,丹
H,呼
d,勒
e,余
l,載
e,恩
i,趙
J,平
o,A
h,r
,h
U,u
t,r
n,S
s,a
,i
Z,n
h,t
o,L
,e
L,o
i,n
,L
p,a
i,u
n,r
g,a
A,A
t,i
h,s
,l
S,v
i,r
t,z
L,A
e,n
n,N
,g
r,N
a,g
,u
A,y
r,e
p,p
X,X
B,劉
c,琪
C,鄒
o,輝
E,利
m,慧
Y,兩
o,岸
u,三
n,地
g,年
,青
I,現
n,代
s,舞
t,培
r,訓
u,計
c,劃
t,導
o,師
i,鄺
e,韻
l,儀
Y,美
e,玉
D,蹈
a,中
n,心
c,課
e,程
,學
C,員
t,鄺
y,麗
n,彥
e,徐
,奕
L,婕
R,然
i,藍
t,嘉
a,穎
K,家
w,祺
o,黃
n,碧
g,琪
y,美
,玉
K,黃
o,振
g,林
,詠
R,茵
b,嘉
e,燕
c,張
c,紫
a,欣
W,慧
o,琦
n,蘇
g,樂
,鍵
D,課
a,程
n,導
c,師
C,余
o,艷
n,芬
L,李
,祺
K,梁
a,芷
k,茵
H,岑
e,智
n,頤
M,唐
y,津
a,雄
C,蔡
y,俊
r,傑
E,其
U,芬
G,劉
K,鳳
H,何
O,浩
,川
M,多
n,編
y,舞
S,廖
u,春
r,慧
i,劉
a,碧
n,琪
y,林
g,一
,磊
,_
M,錢
i,秀
r,蓮
a,廖
,沙
M,敏
a,迪
n,貝
y,(
,英
P,國
t,香
t,港
y,)
(,肥
U,田
K,佳
,子
H,(
K,日
),本
H,王
i,思
d,涵
Y,臺
o,灣
s,)
S,羅
h,逸
e,雅
A,王
n,廷
d,琳
,瑤
E,李
l,琳
e,石
e,成
n,初
,潘
L,嘉
e,雯
e,麥
,沛
T,恆
h,梁
o,惠
m,雯
L,沛
e,恆
e,梁
,惠
T,雯
h,黃
o,穎
m,欣
,吳
E,文
r,基
i,何
c,柏
,存
N,丸
g,仔
,丸
y,仔
u,莫
e,穎
n,詩
j,周
i,可
e,凡
a,耀
w,威
L,_
w,耀
Y,汪
i,陽
u,姑
,再
W,努
a,爾
i,（
,古
W,麗
a,）
g,艾
,買
Y,提
a,佩
u,雄
C,曹
h,德
o,寶
C,薇
h,薇
,譚
L,渼
i,樺
,徐
W,奕
e,婕
a,煒
m,丹
i,慧
v,芸
L,少
a,玲
t,嚴
o,明
r,然
M,嚴
a,明
n,然
M,古
i,名
n,伸
,起
,馨
,M
,H
,穆
,哈
,祖
,基
,d
,z
,k
É,
é,
C,查
h,爾
a,斯
r,．
l,裘
e,德
i,賓
d,利
P,翩
t,‧
e,包
r,殊
a,媛
n,媛
L,麥
i,蓮
n,茜
d,O
s,B
e,E
e,西
c,簡
e,寧
,漢
b,玉
M,孟
e,哲
n,學
,萊
,紐
,信
,y
,w
,s
,n
E,郭
l,曉
a,靈
,思
,颺
,丹
,琦
,@
,郉
,J
,t
,&
,W
,T
,X
I,林
v,俊
a,浩
,周
,妍
,P
,C
,蔡
,穎
,F
,Y
,傑
,曼
,哥
,納
,侯
,G
,m
,j
D,迪
i,麗
l,娜
i,爾
a,阿
e,布
r,拉
L,林
i,懷
n,民
M,馬
a,克
k,鮑
B,溫
M,滿
a,運
n,喜
o,伊
e,．
,連
V,托
E,E
P,麥
k,艾
e,克
a,P
n,a
d,r
A,e
l,n
w,)
N,d
k,A
o,l
l,w
a,i
ï,n
(,k
N,o
i,l
k,a
o,ï
l,s
ï,(
s,艾
C,．
e,尼
l,可
e,萊
b,)
a,(
t,N
o,k
),l
,ï
,b
F,馮
e,英
n,珍
h,香
a,順
A,艾
k,甘
r,‧
a,漢
T,湯
h,馬
o,斯
a,伊
s,德
E,C
d,B
u,E
G,古
y,拉
u,．
l,哈
a,倫
,格
H,佐
ó,
C,歌
l,迪
a,亞
d,摩
a,素
',
2,
T,鄧
a,樹
X,邢
i,亮
C,縡
O,芭
T,巧
S,沈
,甄
,蓓
C,穎
n,秋
t,生
h,甄
o,詠
n,蓓
M,歐
O,大
r,衛
i,．
i,倫
,附
C,加
e,伍
o,宇
g,烈
C,辛
y,西
n,婭
h,哈
i,維
k,許
H,李
u,健
,偉
a,楊
n,浩
,俊
L,浩
S,施
z,卓
e,然
,雄
W,黃
o,志
a,雲
n,濤
M,瑪
a,莉
r,亞
í,．
,希
P,斯
D,梁
a,嘉
v,能
d,咏
,靜
L,楊
e,春
u,江
N,聯
g,合
,編
A,：
s,江
s,上
o,悠
c,胡
a,威
P,潘
u,少
n,輝
S,卓
u,胡
,曉
F,王
a,榮
i,祿
M,振
M,穆
o,哈
r,梅
a,祖
d,基
I,徐
v,奕
y,婕
,藍
T,嘉
g,劉
,迎
Y,宏
u,柯
n,志
t,勇
a,胡
o,錦
i,國
Y,首
i,演
c,淑
s,茹
L,向
e,民
u,陳
n,曉
g,玲
S,創
u,作
S,者
h,)
I,伊
n,娜
,約
C,翰
h,內
r,森
i,斌
u,張
,堅
B,豪
i,全
n,爀
h,廷
a,仁
C,y
h,e
H,o
,A
G,n
e,h
o,岑
n,智
J,傑
a,奎
c,斯
u,‧
s,海
,依
H,姆
a,郭
,靈
o,能
w,葉
,麗
E,兒
郭,郭
偉,偉
傑,傑
V,文
c,琦
k,查
y,海
,欣
M,施
n,穎
,馬
C,師
h,雅
a,甯
r,明
i,玉
Y,碧
a,琪
n,趙
I,妍
r,蔡
i,敏
s,蕊
,鄧
S,麗
z,薇
e,盧
,淑
A,嫺
l,盧
c,怡
e,鄺
M,儀
P,菲
h,利
i,浦
l,．
i,科
p,恩
J,若
o,埃
ë,爾
l,布
,耶
X,謝
i,茵
e,蔡
,飛
Y,胡
i,錦
D,丁
i,偉
O,佩
r,蒂
i,巴
g,及
n,化
l,夫
h,附
g,米
r,瀚
a,文
p,白
h,家
:,周
M,欣
e,馬
n,才
L,黎
a,德
i,威
,林
T,波
a,黃
k,振
－,邦
P,曾
h,可
o,為
e,（
b,當
e,代
a,舞
T,）
t,杞
p,敦
h,志
e,偉
n,周
S,韻
h,譚
i,天
R,子
Z,周
h,培
o,武
u,和
P,玉
i,佳
w,陳
u,起
H,馨
e,杜
,紹
B,樑
o,俊
y,劉
u,碧
L,琪
i,莊
J,波
i,余
a,艷
C,芬
h,何
a,皓
n,斐
,丁
H,平
e,陳
i,少
,鈺
H,周
i,曉
n,雯
g,湯
T,樂
S,芬
i,黎
,玲
L,陳
e,順
u,儀
n,李
g,佩
a,曉
n,琳
J,昭
u,蓉
A,安
n,東
t,尼
o,奧
R,藍
i,穎
n,徐
b,奕
o,婕
w,胡
L,恩
a,岑
m,智
,頤
I,施
v,卓
y,然
,余
T,家
s,豪
－,
W,萬
a,瑪
n,尖
m,措
,艾
,庫
a,新
n,鵬
X,編
n,助
,理
e,:
g,雷
,蒙
,•
C,雷
h,貝
o,克
o,中
g,國
a,編
p,舞
h,助
i,理
c,:
A,邵
s,未
s,秋
h,起
a,馨
i,薇
m,薇
e,曹
i,德
i,丘
,展
H,誠
h,柯
,志
C,輝
A,韓
n,錦
g,濤
e,韓
l,嘉
a,政
o,可
f,凡
n,惠
C,甄
h,拔
a,濤
u,周
,雪
L,甄
e,鄧
u,暢
n,為
i,N
e,a
l,t
Y,l
u,i
,B
N,i
a,k
t,m
a,u
a,n
B,黃
i,雋
k,倪
m,業
u,升
l,張
l,學
i,良
n,陳
a,敏
J,P
m,r
m,f
y,o
W,m
o,c
g,e
J,阮
e,日
n,廣
M,松
a,島
k,誠
o,新
t,真
o,央
,﹝
M,日
a,本
t,﹞
s,G
s,o
i,g
m,H
a,o
,f
M,m
A,﹝
r,瑞
a,士
a,M
J,e
a,N
p,o
a,r
n,d
),﹝
,美
G,國
e,﹞
a,小
,婕
,翠
,絲
,岑
,施
,然
,豪
e,齊
,藤
K,亞
o,紀
e,特
r,里
A,謝
i,諾
,耀
,少
,湯
,樂
,秦
,懿
,池
,馮
,鄺
,蓉
,等
,十
,數
,向
,民
J,蔣
i,華
a,軒
d,特
n,阿
,拉
A,岡
r,愛
g,嘉
o,．
,亞
E,里
r,奧
Z,曾
e,煥
n,興
H,北
u,京
n,蹈
x,學
i,院
g,導
,系
,教
,師
i,及
u,艾
s,化
P,夫
A,鄧
R,希
C,正
h,蘇
i,樂
n,鍵
g,趙
,浩
T,然
a,﹝
n,香
g,港
,﹞
L,胡
o,清
k,清
i,﹝
n,珠
S,﹞
o,蔡
,博
R,丞
e,﹝
x,台
,北
C,﹞
h,王
i,俊
u,建
(,﹝
H,西
o,安
n,﹞
,朕
K,﹝
o,北
n,京
g,﹞
),曹
H,﹝
u,長
Q,﹞
i,吳
n,海
Q,南
i,京
(,彥
Z,成
h,﹝
u,台
h,北
a,﹞
i,古
),佳
,妮
T,﹝
s,北
a,京
i,﹞
,俞
P,亞
o,男
C,卉
h,劉
e,卿
n,羽
g,黎
(,家
T,寶
i,廣
p,州
i,白
),濰
W,﹝
a,香
n,港
’,
o,靜
,永
,添
a,修
t,．
t,伯
h,恩
J,尤
i,季
,利
K,安
y,米
l,高
i,‧
a,舒
n,馬
,卡
S,蘇
u,自
,紅
Z,色
i,尕
h,崔
o,濤
g,惠
,君
S,白
e,瑩
,蘇
G,冬
C,林
i,涵
T,婭
o,普
,布
L,永
i,措
H,鈺
e,金
,娣
i,暉
n,洪
g,袓
,冰
K,曾
n,珊
L,翩
u,娜
z,包
,殊
I,李
s,秀
o,柳
,昱
L,蘇
e,亞
e,塔
J,戈
n,謝
w,欣
n,黃
g,磊
n,婷
H,浩
n,拉
l,海
l,爾
a,布
,隆
h,凱
J,餘
c,華
o,狄
,宜
,瑄
,士
n,萍
T,涵
J,余
J,鄭
u,多
n,燕
e,劉
K,楊
E,艾
r,力
c,費
,安
L,路
u,斯
c,安
n,加
o,里
,圖
L,《
E,林
S,中
,仙
S,子
Y,》
H,編
I,舞
D,:
S,米
,高
,霍
,根
h,F
o,I
g,N
r,G
p,L
h,I
e,G
r,H
：,T
I,(
C,P
H,A
E,S
F,E
K,D
I,E
N,U
E,X
D,編
N,：
G,梁
,殷
L,實
G,《
H,海
T,盜
,》
(,第
P,二
A,幕
S,雙
E,選
,段
U,編
X,舞
),：
,蒂
,巴
C,及
h,華
o,赫
r,坦
e,查
o,布
g,奇
r,安
a,尼
e,I
r,V
:,E
E,M
D,O
W,V
A,E
A,M
R,E
D,N
L,S
A,T
N,H
G,R
,E
L,E
,R
C,E
O,P
S,A
I,S
E,(
(,A
P,S
S,D
E,D
D,U
U,)
R,編
O,舞
M,：
A,斯
C,杜
T,化
,韋
I,爾
I,登
,S
C,A
h,P
o,E
e,O
o,F
a,L
p,O
h,W
:,舞
M,卓
A,瑪
R,伊
I,羅
J,卓
o,瑪
m,依
c,蹈
h,劇
y,場
D,台
a,灣
c,三
e,式
T,台
h,灣
S,桑
a,吉
r,雯
m,黎
a,貴
n,諾
L,思
,白
J,濰
u,郭
s,曉
u,靜
i,婷
E,芷
l,茵
o,以
r,珊
a,馮
L,查
e,欣
,許
H,俊
e,傑
l,馬
g,師
a,雅
,甯
F,明
u,敏
g,美
C,黃
h,碧
r,趙
H,妍
,蕊
Y,鄧
n,薇
,盧
C,慧
y,怡
r,鄺
u,韻
s,儀
W,陳
u,阿
s,歷
,山
P,大
t,葛
i,斯
p,基
i,S
N,e
g,p
S,e
t,n
p,X
h,a
e,v
n,i
X,r
h,林
o,健
L,儉
a,豐
m,李
P,颺
,晶
i,凌
u,莉
B,藍
u,穎
J,丘
m,誠
s,健
,莊
,何
,皓
,斐
,順
,儀
,雯
,平
y,知
,靄
L,阮
a,日
m,廣
W,溫
m,范
V,基
a,伯
n,斯
S,《
e,小
r,夜
e,曲
n,》
a,G
d,e
G,g
r,B
e,l
l,h
c,e
i,©
e,T
©,e
T,G
i,T
e,u
T,t
s,《
t,卡
,薩
,迪
C,》
s,納
t,曹
a,杜
t,亞
i,陶
N,《
a,天
c,鵝
h,湖
o,》
D,第
a,幕
o,娜
,塔
S,婭
w,．
a,康
n,納
e,(
,原
A,編
c,舞
I,佩
I,蒂
I,巴
e,兒
k,思
i,丹
A,俊
b,浩
b,楊
y,浩
C,磊
a,菊
n,莉
,趙
J,娜
u,麥
s,沛
t,恆
y,陳
n,伯
e,顯
,＠
T,R
n,+
k,陳
,業
W,＠
g,T
C,劉
h,兆
u,豐
n,O
,x
v,B
o,h
Y,o
a,v
H,澳
a,洲
,蹈
,電
F,影
e,藝
l,術
x,：
C,r
h,i
e,s
e,A
i,y
K,e
k,N
l,i
o,R
g,u
a,A
n,l
Z,e
a,D
o,i
A,o
r,n
h,C
u,a
M,l
k,n
h,M
R,d
@,S
A,i
S,m
T,o
R,n
+,E
p,s
A,S
S,a
T,m
W,o
i,x
d,D
s,e
F,o
u,r
g,h
O,K
x,e
a,y
B,Z
h,S
k,o
o,g
v,l
P,P
T,T
《,《
我,我
離,離
》,》
:,:
尊,尊
尼,尼
芬,芬
．,．
斯,斯
納,納
H,H
N,N
’,’
G,G
海,海
南,南
度,度
的,的
探,探
戈,戈
康,康
蒂,蒂
思,思
阿,阿
廸,廸
雅,雅
觸,觸
角,角
Y,Y
&,&
江,江
上,上
悠,悠
及,及
胡,胡
頌,頌
威,威
K,K
掙,掙
脫,脫
李,李
林,林
睇,睇
視,視
見,見
證,證
者,者
法,法
蘭,蘭
基,基
范,范
東,東
拿,拿
倫,倫
深,深
淵,淵
裡,裡
天,天
鵝,鵝
,玫
H,張
s,藍
i,勻
o,貞
,葳
r,白
r,濰
y,銘
L,卓
u,徐
n,奕
g,婕
T,志
z,榮
e,黃
y,玉
,琪
E,何
r,其
,沃
e,梅
n,卓
L,龐
a,智
i,筠
M,吉
u,加
i,曹
C,淵
e,狄
u,文
k,邢
H,德
u,寶
g,@
h,不
C,鎖
o,踊
@,館
U,不
l,鎖
c,踊
k,館
F,方
o,心
T,眾
h,表
e,演
G,廖
i,碧
s,璇
d,眾
e,表
v,演
i,者
K,賀
i,倩
r,瑩
S,鄧
i,悠
V,眾
a,藝
r,術
J,廖
n,璇
M,u
q,a
u,b
i,a
a,q
o,u
&,a
D,藝
A,高
N,現
C,代
E,舞
C,i
r,t
s,n
t,e
n,H
V,一
a,眾
o,家
n,傑
y,郭
P,傑
t,思
t,豐
,溫
,愷
,碧
e,家
u,權
n,茹
T,結
h,界
e,達
t,婷
s,振
t,邦
c,韻
a,芳
,呂
F,嘉
o,盈
g,蒨
,亭
W,莫
E,泳
u,深
i,寶
c,蕾
e,朱
A,鳳
p,宋
p,佩
l,欣
,珍
L,妮
a,鄧
i,皓
i,浩
c,山
c,導
e,師
s,(
t,挪
e,威
l,)
l,王
y,榮
u,詩
E,黎
l,銥
y,婷
s,陳
e,曉
P,冼
n,欣
C,葉
l,兒
,莎
h,磊
e,謝
n,茵
h,俊
n,嘉
J,尊
J,怡
i,雄
M,秦
s,懿
U,女
l,士
A,眾
l,參
l,與
,藝
A,術
A,所
l,有
A,藝
t,家
O,甄
l,詠
i,蓓
L,盧
o,偉
,力
K,石
e,華
I,梁
s,偉
h,傑
C,莊
h,陳
o,波
C,亮
M,米
i,高
c,霍
h,根
\,佩
"""",蒂
M,巴
r,歷
i,山
u,大
,葛
e,基
t,蓮
i,娜
p,．
,娜
A,妮
l,亞
e,雪
x,翡
\,
"""",
M,\
a,""""
i,蒂
u,巴
s,阿
,歷
P,山
e,大
i,葛
p,斯
a,基
A,娜
e,安
x,娜
a,妮
n,亞
d,雪
e,翡
r,莉
G,\
o,""""
J,海
i,寧
i,盛
a,培
,杜
,方
,盈
,瑩
,蕭
,妤
,洛
,鍶
,鍾
,宛
,絮
,鴻
C,露
a,貝
b,芭
e,蕾
l,舞
&,倫
,敦
C,芭
a,蕾
o,學
l,校
p,芭
b,蕾
l,及
,倫
C,敦
a,芭
r,蕾
,校
L,陸
u,永
,華
Y,肖
o,時
n,運
h,分
u,田
X,陸
a,勇
,衡
S,胡
h,征
i,興
y,梁
u,劍
n,梁
,歡
W,石
u,川
,潔
F,楊
e,光
n,全
U,秦
l,懿
H,香
o,港
g,南
K,舞
o,蹈
i,女
o,嚴
,冶
,伍
,國
,柱
,恩
,濤
,工
,俱
,近
,良
a,昭
M,鄒
r,文
,輝
,先
C,生
M,鍾
r,金
s,寶
a,瑋
n,廖
,月
C,敏
1,1
2,2
,間
e,學
,查
A,海
u,欣
h,蕊
a,張
r,彩
,婉
H,趙
i,妍
Y,俊
,以
K,珊
r,呂
y,盈
C,明
o,施
y,寶
r,麗
t,碧
F,周
i,芳
,恒
D,石
o,嘉
r,琁
u,茹
a,王
g,琳
C,克
h,里
i,多
p,爾
h,頓
Á,安
g,爾
l,羅
R,斯
A,阿
l,列
x,塞
i,羅
G,巴
o,欽
d,奕
w,華
r,芮
d,孝
,承
e,盤
L,信
i,馮
W,恒
g,婷
T,德
k,徐
i,奕
W,俊
a,達
s,翠
o,絲
P,琪
o,袁
o,勝
,艷
P,陳
k,梅
y,燕
i,熊
m,德
C,賴
e,慧
C,謝
a,茵
i,蔡
Y,兒
i,童
X,少
i,年
,全
F,體
e,導
i,師
g,謝
黃,黃
磊,磊
尹,尹
碩,碩
柳,柳
勳,勳
i,陳
e,俊
N,不
,適
A,用
M,吳
i,雪
s,梅
s,小
,姐
V,甘
o,欣
l,小
e,姐
t,麥
N,詩
g,小
i,雁
s,翎
C,蕭
n,君
n,小
m,陳
,倩
M,芳
i,小
s,姐
,顗
i,姐
c,梁
e,淑
,棋
M,小
a,姐
k,劉
M,君
s,高
,頌
A,雯
i,盧
m,芷
,小
M,姐
s,皓
s,文
S,姐
h,岑
a,潔
d,盈
o,小
w,姐
,簡
S,伊
i,翎
u,小
M,殷
i,善
s,行
M,梁
s,其
,女
L,士
S,史
t,特
l,阿
a,勞
,佐
i,加
o,迪
G,及
a,卡
d,洛
e,斯
a,拉
N,榮
h,健
J,梁
o,秀
K,葵
w,青
a,區
i,議
,會
K,觀
w,塘
u,區
n,議
S,西
a,貢
i,區
,議
K,會
W,灣
a,仔
n,區
C,會
,奧
,包
,赫
,克
,托
,法
,爾
,肯
U,俊
I,傑
d,．
K,許
e,嘉
n,俊
t,博
h,阮
,日
H,廣
u,尊
i,尼
K,‧
C,菅
h,原
u,愉
n,依
L,載
i,恩
J,楊
a,‧
P,帕
ä,．
r,伊
I,伯
s,格
e,儉
n,豐
y,偉
,能
L,馬
u,雅
n,甘
A,蔡
l,敏
i,蕊
c,鄧
e,麗
,薇
M,許
a,俊
K,查
c,欣
o,趙
m,妍
K,碧
r,琪
s,美
t,玉
y,鄺
C,儀
ä,ä
M,楊
r,雲
Y,先
a,生
T,詠
W,雅
a,鄺
i,韻
M,藍
i,婉
s,兒
J,陳
m,小
e,簡
,伊
L,翎
m,姐
M,婉
i,雯
A,少
I,玲
M,何
i,潔
s,茵
C,先
h,生
M,仇
s,詠
W,姐
b,偉
b,強
n,兒
o,碧
C,指
o,揮
n,:
u,葉
c,詠
t,詩
:,曲
,:
i,林
p,鈞
,暉
n,定
g,彰
e,駿
C,鋼
o,琴
m,:
o,周
s,樂
e,娉
L,婷
m,張
,緯
K,晴
n,提
,琴
f,:
,珈
D,樑
n,大
i,提
e,琴
l,:
o,屹
,洲
a,葉
,禧
g,長
,笛
P,:
n,子
e,管
d,陳
i,定
c,遠
C,小
h,號
a,:
H,嘉
a,興
m,色
o,士
n,風
i,:
C,國
h,章
u,敲
,擊
R,樂
h,蔡
e,立
C,龍
h,向
e,榮
n,唐
g,舜
,菁
o,高
l,音
:,林
G,穎
l,譚
l,樂
t,編
H,:
C,靜
e,茹
l,許
:,傑
h,嘉
N,宇
t,黃
c,邦
u,美
r,姚
Y,舞
p,:
l,靜
:,嘉
,政
r,許
C,嘉
,咏
B,琳
C,伍
y,宇
H,邦
K,玉
n,姚
n,潔
e,琪
t,:
c,杜
D,陶
e,音
c,樂
r,柴
,可
C,夫
o,基
o,佈
g,景
r,及
a,服
p,裝
h,設
e,計
r,:
N,祖
a,蓮
c,娜
h,．
o,阿
D,吉
u,奇
o,燈
,光
L,計
e,畢
,比
A,．
c,爾
o,茲
a,現
n,場
i,伴
m,奏
:,港
H,交
o,響
(,《
C,時
h,差
i,》
e,編
O,藍
l,穎
),舞
,伯
,顯
,《
,第
,六
,天
,風
,的
,悲
,鳴
,聲
,儉
,豐
,牽
,牛
,花
,現
,場
,音
,沈
,自
,弦
,語
,倆
,丘
,頴
,佈
,景
,統
,籌
,燈
,計
,響
,夏
g,儉
b,徐
i,婕
a,玉
K,丘
e,展
n,誠
C,w
h,ŏ
n,m
e,》
O,編
),蔡
,肖
,呈
,泳
,地
,毛
,維
,葉
,破
,p
Y,翠
i,絲
g,毛
r,楊
C,碎
h,片
O,林
),者
,沅
,蔚
,勁
,松
,熙
,招
,彤
,嫣
,朗
a,波
P,銘
o,熙
D,導
t,偉
:,編
,劇
T,:
n,鄭
i,麥
t,秋
,成
l,作
a,曲
y,:
r,戴
h,演
t,員
t,熙
h,吳
w,珊
h,敬
C,文
o,禤
r,天
e,揚
g,黃
r,浩
a,邦
r,儀
S,景
i,計
M,逸
a,君
M,設
s,:
:,煒
y,裝
T,計
,孫
S,詠
e,君
D,響
e,設
s,計
n,任
S,麥
h,秋
i,成
(,概
C,念
h,:
n,奧
e,雷
s,里
O,博
n,里
),美
,導
,演
,é
,結
,他
,唱
廧,廧
(,編
n,尹
e,星
s,珠
,服
O,裝
n,及
),:
,求
,昊
(,尹
C,星
h,珠
l,歷
e,山
s,度
a,沙
d,尼
o,:
e,卡
o,尼
g,柏
r,諾
a,烈
y,本
:,概
,念
V,及
a,配
a,諾
p,維
r,克
i,拔
L,加
i,利
b,‧
r,迪
t,羅
t,斯
C,尼
o,柏
c,烈
e,改
p,編
t,)
a,音
d,:
S,蕭
r,佈
e,景
:,設
N,:
r,大
b,衞
r,簡
t,奴
V,第
e,一
s,幕
a,)
R,拔
o,‧
b,加
e,利
t,迪
G,羅
y,第
,二
d,幕
e,)
L,服
a,裝
R,計
(,拔
d,加
a,利
p,‧
d,羅
y,燈
V,設
a,計
C,鄺
n,麗
r,助
o,理
),查
M,‧
u,懷
s,利
c,指
:,揮
d,明
r,波
i,普
C,場
h,伴
o,奏
,港
S,小
e,交
t,響
i,(
g,4
:,1
,1
a,7
v,:
i,3
d,0
G,M
o,#
A,(
c,5
I,1
,7
R,:
o,3
b,0
e,P
r,M
G,#
y,1
,2
e,1
a,2
R,3
o,0
s,P
V,卡
l,柏
,諾
C,烈
P,演
r,出
o,作
g,品
r,《
a,旦
m,‧
m,生
"""",編
·,陳
S,俊
n,出
g,作
"""",品
C,夜
h,思
g,:
p,超
h,亞
r,李
u,演
,作
C,品
h,《
e,重
n,…
,…
P,》
o,編
g,舞
m,許
"""",演
N,出
i,作
t,《
,將
T,軍
h,》
u,編
s,加
"""",藤
,凌
o,出
e,品
g,《
r,她
a,（
p,們
h,）
C,:
o,晉
,出
H,作
J,見
i,習
b,》
P,李
o,颺
r,演
a,出
m,作
m,品
e,《
,心
"""",》
"""",李
o,《
g,P
r,a
K,l
u,》
H,舞
u,:
P,尼
r,芬
g,斯
r,納
C,超
C,博
a,許
e,加
H,凌
J,晉
i,朗
b,思
K,尊
c,‧
u,納
(,藝
C,術
h,總
i,監
s,歐
n,原
l,編
,瀚
,柴
,裝
,彼
,得
,科
,伴
,奏
,香
,交
,只
,限
,中
,次
,指
,揮
,本
,普
,客
,席
,多
(,歐
C,美
h,蓮
(,佩
C,蒂
h,巴
n,艾
e,化
e,夫
O,米
n,瀚
l,文
),白
t,總
i,歐
c,美
i,原
o,佩
:,巴
M,及
d,艾
l,李
n,附
e,米
O,文
g,家
l,錦
h,音
o,樂
o,柴
g,可
r,夫
y,佈
:,景
M,服
r,設
P,得
t,科
i,曼
a,附
&,服
L,設
I,桑
v,哈
a,維
v,光
A,計
t,國
i,永
n,現
a,場
l,伴
o,香
r,港
o,交
g,響
r,樂
p,(
h,只
y,限
:,香
J,文
o,化
h,中
M,次
h,指
a,揮
C,本
l,‧
P,(
a,只
c,限
i,香
s,港
S,化
l,心
i,場
n,次
C,客
h,席
a,演
u,出
u,約
s,吉
:,多
P,娜
t,米
i,瀚
p,文
L,家
I,錦
v,欣
i,《
r,小
e,夜
c,曲
t,》
a,蘭
d,欽
l,©
n,h
O,G
e,r
"""",e
e,B
d,c
"""",i
C,e
o,T
o,s
g,t
:,柴
G,夫
g,服
e,裝
B,計
n,芭
c,拉
i,卡
n,雲
?,
T,原
h,燈
G,計
r,羅
g,納
B,貝
a,茨
a,客
n,席
c,演
h,出
e,譚
,元
T,元
,那
M,裡
s,編
,費
P,波
o,音
t,樂
l,a
y,i
c,k
c,N
a,m
i,t
k,c
v,y
s,l
y,k
C,服
o,裝
s,設
t,計
e,和
D,欣
s,燈
i,光
g,設
n,計
B,韓
a,江
b,客
a,席
a,戰
r,薪
i,潞
s,王
k,濟
a,禹
g,神
i,人
n,暢
a,》
l,(
,世
L,界
i,首
g,演
D,波
s,音
:,文
o,服
n,裝
g,費
B,梁
a,殷
l,實
t,策
i,劃
i,伍
c,宇
,烈
u,故
r,事
t,述
o,及
r,劇
:,本
u,劉
r,榮
i,豐
,（
N,R
g,i
N,k
a,哥
r,哥
r,）
t,音
S,柴
c,可
P,節
r,目
g,藝
a,顧
m,問
A,朗
r,唐
s,製
A,群
v,節
i,目
s,統
o,籌
,錢
T,韋
o,君
,宣
B,嘉
r,欣
w,舞
n,台
,總
P,監
d,馬
u,志
c,恆
r,執
:,行
C,台
a,監
t,督
,孔
L,稜
,助
P,理
o,台
j,總
e,監
C,躍
o,詩
r,燈
d,光
o,鄺
r,雅
:,麗
A,音
k,樂
a,設
m,計
C,洪
i,豪
P,台
r,攝
o,影
j,:
c,黃
t,狄
a,宣
n,傳
a,攝
g,影
:,D
K,p
a,h
t,a
h,n
n,W
H,g
s,@
u,C
t,P
g,o
e,d
d,i
P,n
o,錄
d,像
t,林
o,麒
M,面
r,逖
:,雲
J,印
a,刷
n,G
a,H
D,r
p,e
u,s
S,r
a,d
e,L
:,d
m,《
H,t
n,D
A,》
P,思
u,日
s,廣
t,統
i,籌
i,楊
c,雲
o,藝
o,術
r,顧
d,問
t,春
o,江
:,王
Y,祿
n,燈
g,光
Y,計
t,李
A,節
t,1
i,)
t,謝
i,徵
c,燊
d,目
v,2
s,節
:,目
a,《
n,下
i,一
e,站
l,彩
,虹
n,演
g,出
Y,s
o,t
c,日
k,本
i,不
g,加
h,鎖
t,舞
i,踊
n,館
g,(
D,港
i,協
g,辦
r,不
:,加
,鎖
e,踊
e,館
W,児
i,孝
(,文
r,野
o,邊
g,壯
r,平
m,豊
m,福
e,彬
1,
),高
,橋
M,留
u,子
y,者
s,児
(,孝
P,文
g,邊
r,壯
a,平
e,福
,彬
2,文
,留
P,美
r,子
r,偉
a,能
:,伍
A,美
h,伍
r,豪
R,e
i,k
o,O
w,h
P,o
T,児
k,孝
u,野
m,邊
i,壯
o,豊
d,福
a,彬
S,橋
o,留
h,子
i,袁
,勝
M,倫
a,金
,載
A,丞
i,長
f,岡
u,優
m,理
,一
D,《
n,人
i,D
Y,e
n,楊
g,春
Y,及
n,者
l,港
o,)
k,編
L,:
h,春
t,江
g,者
e,毛
s,維
n,翠
e,絲
:,曹
L,寶
,拓
C,坤
,匡
W,翹
P,《
r,R
g,S
r,T
m,演
e,出
),思
,伽
M,舞
u,(
s,韓
T,編
r,宰
o,永
a,者
,宰
2,永
,申
,在
,鎬
r,福
m,／
m,霧
1,》
拉,演
人,出
n,丞
e,製
e,隊
r,(
f,台
r,)
D,蔡
a,博
l,者
e,張
u,堅
l,宰
u,博
L,泳
C,漫
o,畫
m,原
i,著
C,榮
r,成
t,術
o,指
r,導
i,導
s,楊
h,雲
i,濤
A,:
t,楊
D,濤
r,音
c,總
t,監
:,哲
a,作
,曲
W,:
g,哲
i,世
n,豪
D,劇
t,洛
o,楓
:,佈
Y,設
,曾
Y,文
u,通
t,服
o,設
o,莫
r,君
g,燈
r,光
p,計
:,子
n,響
Y,:
t,我
D,（
o,）
r,冼
:,源
Y,香
g,蹈
Y,會
u,）
t,學
a,術
(,及
H,腳
o,本
K,柱
c,磊
g,冼
,源
F,陳
e,磊
C,概
o,念
n,構
c,思
:,茵
C,藝
i,術
e,統
o,飛
d,聯
i,合
o,排
r,練
C,柯
a,志
i,勇
F,胡
e,錦
i,明
C,丘
o,紅
o,愷
g,彤
p,曉
h,歐
r,兒
,童
s,少
t,年
u,全
c,體
:,邀
K,出
Z,姚
h,潤
o,戲
n,劇
g,指
,姚
K,潤
m,出
g,香
m,兒
e,童
Y,少
a,年
L,合
e,唱
T,兒
u,童
n,合
g,唱
X,:
o,昊
o,然
I,樂
n,總
s,監
c,卓
t,賢
s,曲
f,伍
e,作
,詞
i,游
l,思
d,行
e,佈
n,景
’,設
d,碩
,朋
t,設
h,計
o,峯
p,燈
G,:
s,子
t,欣
A,錄
c,像
r,計
,珏
K,蔡
e,飛
Z,柯
o,胡
g,明
W,丘
m,愷
i,胡
g,歐
C,兒
a,童
m,及
e,少
n,年
Y,全
a,體
u,導
r,聯
e,合
c,編
M,音
a,樂
W,監
,哲
s,藝
n,曲
D,李
i,哲
r,藝
c,蔡
t,世
o,豪
:,劇
Y,改
,冼
Y,振
u,東
n,(
t,承
a,蒙
C,話
r,批
e,准
o,參
g,與
p,)
r,景
n,曾
g,文
,通
u,服
s,君
s,傑
c,燈
e,數
o,碼
r,像
r,黃
:,志
,謝
Y,茵
i,謝
c,茵
o,導
d,孫
a,導
t,演
:,鄭
,璐
I,執
E,行
Y,演
I,:
D,聳
r,張
e,杏
t,劉
o,夢
r,妤
&,佈
h,服
a,峯
:,計
U,鄧
N,煒
S,孫
U,穎
c,承
t,謙
s,榮
:,臻
S,編
L,銘
i,熙
M,助
a,理
k,舞
u,譚
i,渼
,樺
h,合
o,唱
e,指
a,伍
h,輝
r,梁
:,駿
,軒
o,銘
n,熙
o,r
a,x
:,a
I,黃
r,煒
a,丹
x,李
e,咏
n,帕
s,夏
a,吾
,賣
D,爾
m,佈
H,S
u,t
y,e
n,p
L,n
s,葉
h,穎
U,A
m,n
S,K
D,n
i,燈
S,雅
t,麗
p,音
h,響
L,聯
e,超
x,x
V,李
a,咏
H,帕
u,夏
y,吾
n,賣
C,導
s,城
p,大
t,徽
,創
D,作
k,黃
,大
W,徽
a,徽
i,客
o,席
:,者
i,程
c,偉
k,彬
W,蘇
P,俊
f,文
a,徐
n,沛
c,筠
:,創
D,統
W,靜
o,茹
G,設
t,張
,素
D,宜
c,響
C,恩
h,蓓
u,錄
n,像
g,製
i,方
P,丹
n,攝
,影
S,:
K,面
n,逖
g,雲
C,監
h,製
L,裕
,執
J,行
o,監
n,製
h,周
T,製
x,監
m,賢
a,台
T,督
i,周
C,彥
e,執
a,行
i,台
v,監
e,督
o,梁
o,芷
r,凝
i,助
n,理
t,台
r,督
k,助
H,設
o,計
i,王
g,梓
h,駿
D,陳
e,助
r,理
Z,麥
o,樹
(,特
C,邀
i,出
e,深
s,圳
O,藝
n,術
l,中
y,心
,術
,僑
,年
,部
,<
,空
,>
,緒
,協
,嘻
,芭
,蕾
,院
,集
,芝
,拔
,萃
,意
,發
,聯
(,導
C,演
e,浩
s,然
O,樂
n,創
,填
,製
,經
,淇
,釗
,鑫
,啟
,雋
,瑜
,聰
,謙
,儷
,芷
,駿
,峰
,行
,正
,新
,康
,慷
,面
,V
s,趙
),趙
,楚
,帆
,佳
,歌
,裕
,鈴
,迅
,袁
,澤
,森
,知
,勤
,妝
,髮
,型
,房
,勺
(,趙
C,浩
h,然
(,原
C,著
n,董
e,啟
s,章
O,念
y,譚
),孔
,合
,境
,陽
,置
,表
,尺
,瑋
,遠
,葦
,浸
,傳
,朱
(,林
C,俊
h,浩
ï,ï
V,V
é,é
q,q
f,f
廨,廨
(,司
n,C
O,n
l,L
y,a
),m
嶧,嶧
嶲,嶲
),)
獽,獽
I,導
n,師
c,文
m,慈
n,余
i,凱
c,恩
W,劉
o,潔
n,華
h,娟
r,勞
e,雁
o,婷
r,吳
a,凱
p,程
e,施
r,蓉
s,妮
陳,家
詠,深
慈,
余,美
凱,寶
恩,
劉,麗
潔,嬌
華,
,萬
劉,天
美,琳
娟,
勞,心
雁,盈
婷,
吳,芷
凱,韻
程,
施,婉
蓉,雯
妮,
,阮
朱,佩
家,欣
深,
杜,湘
美,瑜
寶,
,陸
林,思
麗,敏
嬌,
,魏
萬,寶
天,儀
琳,
謝,妙
心,茵
盈,
鄧,淑
芷,儀
韻,
,司
鄭,徒
婉,立
雯,強
阮,
佩,
欣,
陳,
湘,
瑜,
陸,
思,
敏,
魏,
儀,
何,
妙,
茵,
羅,
淑,
司,
徒,
立,
強,
(,陳
C,詠
h,慈
s,恩
O,潔
,娟
,勞
,雁
,凱
,深
,嬌
,湘
,妙
,徒
,立
,強
c,仁
r,伍
:,在
c,台
k,監
y,督
L,恆
D,崔
e,宰
s,赫
g,韓
n,國
:,李
,浚
N,旭
,韓
L,軒
g,灣
a,宇
M,灣
a,鈴
g,木
e,明
r,倫
:,(
J,本
o,麥
M,*
C,港
C,崔
h,宰
a,浚
e,旭
y,宗
u,軒
L,宇
J,木
u,明
w,麥
o,卓
o,鴻
i,編
t,陳
o,旻
r,禧
J,晞
a,藍
k,李
u,黃
C,蕾
o,盧
e,瑤
g,胡
r,詠
z,儀
h,監
a,督
H,廖
e,詩
l,韋
M,陳
a,旻
z,禧
C,晞
h,藍
H,雯
e,寶
n,蕾
u,瑤
o,凡
:,江
J,悠
c,龐
k,智
y,筠
Y,李
u,咏
o,光
p,朗
r,台
:,督
a,鷹
,傅
鷹,
傅,
F,羅
a,凡
L,上
u,悠
Y,智
u,筠
E,咏
g,靜
r,師
:,黎
J,威
k,嘉
y,穎
Y,葉
u,麗
t,暉
c,咏
t,靜
r,龐
s,智
:,筠
L,黃
a,狄
P,樂
o,知
a,林
k,波
w,黎
F,霍
k,穎
K,葉
n,詠
g,暉
y,龐
Y,筠
p,黃
n,知
g,靄
W,燈
a,施
i,駿
,興
Y,監
j,黃
N,演
e,賓
P,藍
D,伯
o,顯
n,家
W,家
r,念
l,慈
y,方
k,王
,滙
C,盈
o,丘
r,亦
g,朱
a,鳳
:,何
L,倫
m,何
P,珊
L,曉
a,媚
T,卓
P,德
o,威
L,霍
T,葉
k,兒
w,曾
F,李
o,咏
k,靜
K,龐
n,狄
C,樂
a,知
l,靄
t,余
o,仁
r,華
J,作
k,出
u,波
C,徐
h,奕
g,輝
a,呂
p,沅
h,蔚
r,岑
:,智
c,翠
k,絲
Y,信
C,燈
s,雅
f,監
s,f
:,u
v,創
y,業
c,佩
r,無
e,常
c,是
o,命
r,之
:,有
,常
P,；
w,從
n,看
,死
C,是
h,始
o,還
w,是
,終
無,？
常,》
是,
生,編
命,舞
之,:
有,
常,陳
；,曉
從,
生,舞
看,者
死,:
始,陳
還,敏
是,珺
終,
？,
C,《
h,沉
o,澱
r,發
e,現
o,改
g,變
r,更
p,；
h,再
e,走
r,回
s,起
:,點
,重
G,新
b,發
b,。
n,聶
D,晴
c,者
s,聶
:,曉
,晴
h,邱
a,加
n,希
M,燈
a,光
K,:
沉,響
澱,設
發,計
現,:
改,
變,李
更,文
新,俊
；,
再,舞
走,台
回,經
起,理
點,:
重,
新,吳
出,家
發,進
C,行
r,監
a,菁
p,菁
r,製
J,麗
o,兒
G,陳
b,玲
i,聶
(,舞
C,者
e,思
s,朗
O,a
y,h
,昕
,O
,情
,真
,右
C,婷
o,曾
w,詠
(,紀
C,錄
s,津
O,破
l,J
),s
,身
,體
,策
,劃
,唐
,津
,即
,片
,攝
,錄
,像
,技
,倚
D,製
c,艾
t,甘
r,•
C,漢
o,英
p,導
:,艾
,甘
k,•
a,•
r,漢
t,故
i,事
C,達
o,卡
c,•
p,奈
t,爾
K,本
h,達
N,奈
鮆,
S,字
n,卡
r,卡
o,•
,奈
K,爾
r,視
t,覺
k,:
N,錦
a,添
T,光
x,計
,邁
K,克
t,•
i,赫
k,爾
N,舞
鮆,:
V,艾
i,甘
u,•
l,漢
D,簡
e,晶
s,瀅
g,姬
n,絲
:,汀
T,•
m,喬
L,特
h,師
n,素
g,希
e,•
g,蘭
:,大
,衛
h,阿
e,扎
H,龍
l,•
D,勒
n,文
c,森
e,佐
s,•
A,麥
k,拿
m,曲
h,悅
a,耳
n,噪
C,(
i,森
h,拉
n,拿
e,林
g,浩
r,林
:,俊
m,員
n,衞
H,蔡
o,運
r,者
r,韓
m,梅
:,薇
e,聲
u,音
n,藝
g,術
u,F
W,b
s,t
c,s
l,e
T,瑞
s,士
W,場
a,混
a,F
S,b
y,u
D,s
:,瑞
H,)
,字
M,創
L,潘
i,詩
m,韻
i,經
,彥
M,聰
s,多
i,媒
s,志
t,輝
d,及
p,景
r,何
m,佩
e,姍
:,燈
F,設
b,:
n,宇
,恆
(,寶
S,榮
i,執
t,行
z,音
e,響
l,計
d,李
),文
x,製
P,佩
o,琪
m,浩
y,樑
(,藍
e,漢
s,樑
i,郭
i,行
r,政
e,主
c,管
:,頴
n,員
w,溫
o,子
k,樑
,湛
,甜
,筒
,仕
,溥
,堃
,邵
,督
,繼
W,郭
g,卡
h,機
e,械
B,場
a,奏
L,電
i,機
L,機
i,械
v,人
M,A
c,d
a,b
c,a
O,o
r,b
c,o
s,c
t,s
B,布
l,蘭
c,李
n,匯
S,出
o,體
w,:
s,蹈
e,天
,使
e,R
r,&
f,T
m,R
i,h
n,y
G,m
p,T
:,m
o,S
c,h
a,w
o,m
o,D
f,a
H,c
o,e
K,u
o,d
D,香
e,聯
r,動
i,邊
z,舞
D,總
a,會
c,回
i,憶
n,是
A,好
n,的
e,妙
,動
n,約
e,流
t,館
g,蕾
K,學
o,會
E,演
s,學
d,舞
e,蹈
D,院
n,屯
c,門
C,協
o,進
m,會
a,不
y,鎖
H,踊
o,館
g,多
K,間
n,元
g,朗
,區
D,文
n,協
c,進
e,會
d,環
e,境
i,元
o,朗
M,路
o,休
m,憩
e,花
n,園
f,演
c,藍
e,許
c,俊
o,余
F,法
r,蘭
a,西
c,科
c,迪
o,利
L,里
a,姆
,史
S,家
c,列
o,凱
r,獨
r,凱
,戲
C,曲
h,扇
n,指
S,葉
l,視
o,覺
D,置
c,陳
C,光
K,賴
i,珊
I,服
c,玄
t,雨
f,督
n,嫻
s,造
e,型
O,計
r,陳
:,朗
F,攝
a,影
k,錄
i,影
,阿
L,趙
X,師
y,碧
V,海
i,報
A,建
r,業
s,政
:,劃
a,嵐
S,樂
K,琴
w,選
o,集
C,古
b,舞
n,洛
r,阿
s,哥
:,斯
,達
l,克
A,雷
t,朗
E,．
n,歌
r,爾
q,思
e,伊
o,維
r,珍
l,靴
e,南
s,迪
r,比
鏮,艾
i,拉
a,盧
,戈
o,羅
E,斯
y,查
R,亞
g,羅
i,哈
H,博
a,姍
d,斯
z,亞
G,康
b,羅
e,爾
l,華
L,蒂
u,茜
g,亞
L,爾
r,路
a,易
R,．
o,華
d,爾
璲,
跣,
t,郭
K,曲
K,柏
w,熹
k,踢
,躂
,燊
,灣
,賀
e,王
o,榮
p,書
h,毅
:,員
n,王
g,榮
n,書
g,毅
L,排
o,練
c,助
k,導
u,能
S,聯
u,布
y,設
e,周
r,書
f,毅
m,光
O,李
g,偉
Y,聯
o,合
n,布
C,偉
u,樂
S,音
u,設
R,敖
e,服
M,岱
a,羚
t,影
e,像
s,飛
e,鵬
Y,周
h,顧
i,問
s,周
,棠
,稜
,綮
,桁
s,郭
H,靈
E,婷
n,監
l,製
,璇
,焯
,姸
,桓
(,周
h,韻
(,韓
h,政
n,林
e,建
s,洪
,排
,祈
,顏
,毅
(,王
h,祿
(,丘
C,展
h,誠
e,健
C,構
o,思
v,和
i,馬
c,才
t,和
o,才
i,和
w,嚴
M,演
o,馬
d,才
e,嚴
M,作
M,堃
i,現
g,音
Y,堃
i,錄
m,像
C,設
g,業
p,設
V,國
i,基
c,服
t,裝
h,鄭
o,慧
i,瑩
w,籌
M,鄭
c,里
D,．
r,布
E,恩
q,卡
b,者
C,‧
h,維
o,古
g,莫
a,努
h,柏
E,‧
n,莫
i,萊
q,斯
C,爾
b,帕
r,勒
r,胡
a,米
a,喬
c,坦
s,奕
N,馬
a,蕯
i,杜
V,紀
i,美
g,娜
e,楚
r,埃
s,‧
M,加
P,里
d,努
D,斯
t,奕
o,格
l,哥
,
g,源
p,頌
h,威
A,員
L,c
．,B
R,r
k,m
S,i
o,a
g,段
w,婧
e,婷
H,頌
u,威
a,沛
n,和
e,勞
r,曉
s,昕
E,比
r,良
y,洋
k,楊
B,孜
a,佈
h,景
m,設
a,阮
D,健
u,邦
n,服
,飾
R,及
i,形
c,象
k,概
y,念
o,朱
n,瑞
g,英
i,響
H,計
P,楊
a,我
u,華
L,威
．,
c,愛
t,安
o,愛
r,順
A,置
H,藝
N,術
e,崔
s,正
o,和
h,奏
o,J
r,S
p,u
h,l
r,c
A,設
n,鍾
,碩
s,光
a,柳
t,百
:,裝
,善
J,玉
n,象
w,廉
u,舞
s,台
c,督
n,曹
J,燈
S,程
o,式
l,寫
s,員
p,崔
e,帝
,憲
t,燈
g,工
D,員
g,再
n,翼
:,台
K,作
I,人
M,員
o,朴
n,琮
g,訓
e,柳
o,德
k,坤
L,製
g,技
h,術
D,智
r,姜
:,耀
,燮
Y,權
O,珉
U,贊
B,金
a,建
c,中
h,金
e,真
C,金
u,金
m,蔰
e,延
D,都
e,皇
g,朴
e,靚
:,芮
,孝
I,承
,崔
S,敏
H,愛
N,順
V,蹈
t,藍
r,穎
C,趙
,南
w,韓
A,其
d,茹
c,江
e,帆
:,中
n,K
d,I
y,M
i,B
g,n
i,H
Y,南
I,韓
D,郭
n,靈
e,丸
:,仔
B,廖
U,民
K,沅
a,蔚
W,馬
n,雅
E,維
g,白
a,濰
C,唐
i,津
),綠
F,)
e,胡
H,恩
I,邱
A,加
N,希
,嚴
a,然
(,黃
C,茹
i,音
,黑
K,鬼
M,邱
B,信
g,卓
(,小
S,衛
u,曾
t,永
h,曦
K,文
o,律
r,元
),國
i,逵
e,葉
W,文
O,字
y,甄
u,拔
e,濤
j,新
e,體
A,葉
V,舞
t,黎
o,海
r,寧
w,琪
o,鈺
,*
P,*
d,波
:,△
M,李
y,才
M,和
g,嫣
y,唐
n,津
Y,(
I,綠
M,美
H,楊
O,怡
R,孜
O,嚴
G,明
P,錄
H,像
E,設
e,振
l,業
D,羅
A,文
N,偉
*,
△,
,節
V,目
i,三
c,《
t,M
C,H
o,N
i,G
w,O
M,P
A,H
,I
e,郭
:,靈
M,曉
g,視
,覺
y,藝
Y,式
I,設
M,計
R,關
O,繼
G,延
M,冠
M,彪
3,合
M,劃
O,及
R,研
P,究
N,X
G,P
F,R
P,技
H,術
I,支
,援
o,H
r,o
r,K
p,n
h,g
r,I
:,n
E,t
a,t
K,o
W,f
K,V
P,c
f,i
E,u
l,c
K,節
,目
V,四
u,蹈
a,診
l,症
,室
&,》
P,舞
r,蹈
o,醫
g,生
m,徐
m,家
i,輝
g,新
D,坡
K,偉
W,津
A,（
N,綠
K,）
t,看
,見
C,（
h,城
o,市
i,）
M,:
,盤
P,彥
r,燊
d,演
r,盤
:,彥
a,多
n,媒
d,體
Y,節
I,目
M,二
P,浮
R,光
O,掠
G,影
R,》
M,編
E,:
1,何
I,茹
V,出
I,何
B,靜
L,茹
(,媒
C,體
),彩
,鳳
a,彥
y,燊
o,何
t,C
C,k
w,a
M,H
r,柬
o,埔
d,寨
r,i
M,s
y,R
y,D
i,E
n,R
D,)
n,鹿
c,島
e,聖
C,日
h,本
k,勝
t,知
C,)
E,K
Y,I
(,M
a,B
m,o
b,n
),(
L,韓
d,古
s,名
e,伸
R,灣
e,才
D,(
E,台
R,)
(,黎
S,光
),台
S,)
o,李
k,德
K,香
A,港
M,茹
A,鴻
J,台
),卓
h,唐
c,津
K,綠
T,)
U,文
B,慧
(,中
J,國
K,明
I,然
B,樂
,律
H,元
S,國
t,葉
h,破
o,字
V,見
t,者
w,颺
M,出
r,圓
:,》
y,O
i,é
g,K
y,A
i,M
Y,A
I,N
M,L
"""",(
D,法
A,國
N,)
T,O
E,l
R,é
I,A
P,M
"""",C
h,N
o,法
I,&
S,G
z,O
J,帆
s,中
r,江
f,帆
r,中
m,國
:,音
S,律
z,元
Y,國
J,緣
s,場
t,6
y,5
C,L
I,i
C,d
L,s
E,e
"""",y
C,R
g,D
r,E
a,R
p,R
h,Y
r,美
:,國
l,江
?,帆
K,(
H,中
H,O
A,l
N,é
A,K
(,H
F,A
a,C
,才
V,羅
i,密
c,歐
t,的
o,天
r,地
h,概
w,D
M,i
d,K
M,a
y,l
i,K
y,演
Y,D
I,a
M,n
P,l
N,O
R,劇
O,指
M,導
"""",J
:,Ç
D,L
a,V
n,E
K,及
K,台
C,理
r,Y
o,P
h,k
:,H
D,i
l,緣
K,場
O,6
K,4
r,D
a,K
i,新
l,坡
O,余
K,載
r,香
a,澳
t,洲
y,春
J,(
G,樂
O,:
,黑
L,鬼
E,梁
r,葉
o,破
u,新
c,媒
t,體
n,馮
,炳
&,輝
w,t
A,U
P,C
o,U
d,N
c,泰
d,P
M,c
y,K
i,L
n,U
Y,C
I,H
M,U
《,(
,泰
》,國
e,咪
o,走
g,雞
r,》
h,排
e,及
r,指
:,導
i,P
c,i
h,c
L,K
U,L
C,N
H,C
U,H
(,N
T,(
h,泰
a,國
a,創
n,作
e,藍
r,嘉
f,穎
m,沅
e,蔚
,濰
h,翠
K,詠
N,邱
H,希
,U
,邱
U,U
c,帆
n,I
k,M
t,B
h,o
y,n
b,美
d,(
i,茹
n,鴻
e,灣
R,文
E,嚴
R,明
(,音
U,樂
),邱
J,信
A,香
N,港
F,國
h,元
n,中
),仁
,逵
I,葉
M,破
B,文
H,拔
t,文
,稼
w,昀
M,劇
A,構
u,圖
c,赫
e,曼
:,德
d,出
g,帆
y,李
Y,劉
I,祝
M,英
h,慧
p,艾
:,範
W,斯
E,蒂
N,博
u,荷
e,影
x,像
t,製
:,作
H,鄒
U,雪
A,平
G,舞
J,設
D,記
r,錄
a,採
m,訪
y,莊
:,稼
,昀
a,鄒
U,音
N,律
G,英
r,翻
m,譯
),睿
P,徐
e,倩
f,莊
o,稼
r,昀
E,慧
i,策
r,劃
t,馬
r,和
V,製
C,即
h,時
o,網
i,上
,轉
w,播
o,統
C,碩
u,暉
t,蹈
:,金
,槿
V,映
c,楊
t,浩
r,邱
C,希
o,多
M,炳
A,輝
d,督
e,鍾
r,寳
:,儀
d,計
i,寳
y,字
i,紀
n,錄
e,志
t,遠
V,演
C,戲
o,甄
M,濤
,資
P,料
r,搜
c,甄
e,拔
r,濤
M,賞
d,謝
y,德
M,文
,齊
n,資
,料
Y,搜
I,集
U,德
O,柏
R,齊
:,)
V,現
c,音
C,卓
h,堃
w,及
o,表
M,者
D,趙
I,雅
O,韓
V,明
t,廖
o,向
r,民
C,呂
h,沅
o,蔚
w,師
o,雅
M,丸
A,仔
D,伍
R,詠
A,豪
A,聶
T,曉
U,晴
G,毛
Y,維
Y,濰
A,銘
P,寶
o,恩
R,邱
E,加
S,希
A,趙
C,何
H,明
O,恩
O,向
i,呂
n,沅
g,蔚
Y,馬
a,師
L,丸
I,仔
H,詠
e,豪
g,曉
a,毛
n,維
E,白
v,濰
U,胡
I,詠
l,邱
c,希
:,趙
c,何
C,槿
h,映
w,和
M,浩
P,加
r,希
d,嚴
c,然
r,現
:,場
d,馮
y,炳
i,梁
g,堃
y,多
n,體
I,馮
t,鍾
,寳
L,儀
v,燈
a,鍾
d,寳
c,儀
t,字
,紀
d,樂
:,馬
F,遠
g,中
r,心
p,師
I,蹈
n,課
s,程
o,課
r,程
s,及
f,培
,訓
C,獎
C,學
D,金
,「
D,6
a,1
n,2
e,未
,來
e,士
n,」
r,員
D,席
s,羨
:,晴
S,1
t,7
d,1
e,2
,嵃
f,祺
o,1
m,7
D,1
C,鴻
u,1
r,8
s,2
h,余
l,彤
r,1
e,8
D,2
P,計
r,智
m,製
D,志
a,恒
6,
t,心
u,師
c,誠
t,龐
r,筠
W,日
l,佈
y,景
O,孔
C,瑄
h,〈
o,客
r,廳
e,〉
g,阮
r,日
a,廣
p,〈
h,回
y,初
:,〉
N,服
o,孔
n,德
g,瑄
,〈
A,客
n,廳
h,〉
N,黃
g,志
c,〈
,回
N,初
g,〉
D,豪
C,夏
a,蓓
f,錄
i,像
U,:
G,盧
(,榮
a,景
v,製
,魯
&,氏
L,術
i,製
v,作
i,有
n,限
g,公
),司
A,道
n,具
c,信
N,飾
y,有
e,限
n,公
t,光
h,器
e,材
r,提
,供
m,邦
S,業
o,有
r,限
r,公
y,司
P,日
o,廣
o,誠
g,淵
p,演
W,淵
T,鄺
s,韻
a,儀
D,詠
c,知
t,靄
o,原
n,著
W,吳
i,承
l,恩
,邀
T,演
s,出
,河
h,榮
r,王
e,梓
o,軒
l,設
y,計
g,強
P,燈
m,豪
y,夏
L,蓓
O,通
r,達
i,專
g,場
a,0
l,1
,6
t,0
o,8
y,2
:,7
W,(
,8
h,0
e,0
G,口
u,述
s,像
p,顏
p,素
T,儀
g,彬
:,軒
v,出
u,白
i,濰
e,廖
x,向
h,呂
e,沅
n,蔚
L,朗
H,光
,鈞
P,至
E,程
v,偉
n,呂
s,沅
e,桑
o,吉
J,創
j,樂
S,勁
e,松
D,光
n,劉
:,詩
h,及
y,服
D,計
i,阮
n,漢
W,光
S,劉
t,豪
d,設
t,恩
u,蓓
e,祺
K,麥
,渼
K,樺
l,曾
v,景
I,陳
C,琬
h,兒
,甲
N,賢
e,本
x,:
:,和
,栗
W,由
a,紀
g,夫
k,栗
i,由
o,栗
r,由
:,紀
g,麗
u,珠
Y,琪
k,周
C,朱
s,家
W,濂
u,嘉
,戚
Y,惠
u,致
r,／
c,本
t,創
／,
T,黃
x,樑
l,藍
f,嘉
d,藝
W,總
C,家
h,權
r,策
e,劃
o,／
a,統
p,籌
r,J
:,e
B,s
e,C
W,w
g,k
A,監
s,徐
t,詠
i,殷
D,者
c,振
t,宇
r,藍
r,洪
s,凱
,霖
u,月
n,敏
C,h
／,e
u,說
c,書
t,人
C,樑
o,現
r,場
d,音
t,黑
o,鬼
J,／
s,響
l,葉
k,音
w,響
o,助
o,儀
c,術
r,服
S,導
T,e
D,c
n,w
r,k
:,k
A,n
y,S
L,r
l,E
u,x
K,h
h,導
e,二
r,總
a,策
p,劃
h,人
:,術
E,監
o,權
e,形
f,象
,顧
C,問
&,製
r,盧
t,君
i,本
c,創
D,及
r,面
:,希
F,舞
i,嘉
A,宇
t,二
i,階
s,堂
t,伊
i,奧
n,筠
I,卉
g,曲
o,顧
n,問
l,❖
n,破
:,|
H,P
g,L
F,Y
a,I
W,現
o,場
g,J
P,師
d,F
c,n
y,製
L,經
T,燈
x,設
G,H
a,助
p,理
c,設
s,孔
g,賢
r,響
l,俊
E,二
n,高
C,劇
n,葉
e,興
s,華
O,演
y,葉
),興
,批
,准
,參
,翔
,巢
(,廖
h,儀
(,監
C,製
),術
c,喜
t,屋
r,淳
A,橋
s,大
r,f
m,t
k,y
s,u
f,沖
,縄
A,舞
d,台
t,S
t,c
S,設
c,新
t,垣
H,榮
o,譽
n,顧
o,問
r,敏
y,迪
,貝
A,蒂
v,藝
s,總
M,偉
i,聯
r,合
c,製
e,賀
w,榮
k,顧
,問
p,迪
r,貝
c,賓
C,浦
h,上
w,(
i,日
n,本
W,當
o,間
y,久
a,保
n,群
o,日
r,清
y,灣
v,工
i,廠
d,地
e,者
y,敏
G,貝
u,蒂
p,美
p,嘉
s,丹
h,鄧
r,豐
p,尹
h,巧
:,佳
,齡
j,嘉
U,謝
a,蔡
m,煒
i,虹
J,蔡
P,媁
),婷
S,R
a,&
t,T
m,青
,踢
T,躂
m,者
(,現
J,場
P,音
),樂
u,雷
n,柏
j,熹
K,術
u,總
b,監
J,邵
P,少
),威
Y,執
u,行
i,督
P,偉
t,梁
w,鄧
k,豐
v,威
L,尹
e,巧
u,茵
T,齡
k,儀
W,佩
g,蔡
,煒
C,虹
l,蔡
v,媁
i,表
O,維
y,翠
),絲
,視
,慶
,進
(,毛
C,維
s,基
O,作
y,F
),e
,棱
,尉
,肥
,柯
,鏗
G,演
s,賓
A,J
t,y
s,W
t,o
s,m
J,k
W,e
c,v
O,k
l,o
I,t
v,h
k,i
e,k
r,m
B,u
r,y
m,d
R,i
u,o
d,s
d,u
D,a
s,L
Y,u
L,h
u,n
J,N
e,Y
n,u
N,a
i,R
z,K
K,x
R,o
x,C
u,h
h,L
l,g
e,蘇
:,雅
S,．
u,哈
n,莎
n,V
H,a
z,:
l,m
V,h
c,M
:,h
m,T
t,l
l,M
:,s
K,r
h,j
e,莊
p,陳
t,波
O,莊
N,陳
G,波
n,譚
P,芳
o,概
r,譚
o,芳
g,排
:,玉
,芳
C,音
H,樂
G,張
,兆
c,監
o,細
n,優
c,執
&,督
H,陳
O,波
e,人
o,郭
K,聯
w,合
k,製
a,婷
z,頴
e,儀
s,嘉
:,賓
K,者
,熊
K,谷
k,(
E,本
v,)
,谷
L,口
e,翔
u,有
p,村
r,田
o,正
d,樹
E,順
d,泳
t,韓
h,國
e,工
u,廠
C,踢
h,躂
u,顏
T,安
e,裕
r,鈴
K,智
z,蔡
u,煒
n,虹
i,煒
u,R
m,&
a,T
a,青
(,踢
J,躂
S,現
h,場
T,雷
n,熹
u,術
M,健
u,恆
(,計
J,:
),夏
S,蓓
o,執
n,行
u,監
n,督
K,施
m,興
K,燈
),設
r,踢
e,躂
K,煒
e,虹
w,婷
k,游
C,傑
h,（
r,佬
e,）
g,張
J,加
o,雋
s,蔡
o,頴
T,及
s,技
i,總
i,邵
l,少
a,燈
E,計
f,執
h,督
g,兆
,鏵
p,服
M,泳
C,紀
h,錄
:,t
e,H
C,s
o,煒
y,虹
T,婷
o,游
s,欣
T,陳
s,頴
o,業
S,加
a,雋
G,總
a,黎
,剛
p,建
e,軍
v,總
s,劃
:,吳
L,明
R,國
g,馮
a,雙
n,白
W,作
a,人
J,飛
j,術
i,飛
P,劇
n,懷
e,臻
,佟
X,睿
i,睿
m,舞
g,佟
,睿
h,飛
T,佟
o,睿
n,睿
(,程
h,彬
C,統
d,新
t,化
o,策
新,導
天,:
地,
文,馬
化,裡
策,於
劃,斯
,·
m,帕
o,列
e,·
:,凡
t,8
r,9
,5
I,年
i,劇
T,比
c,傑
h,謝
a,夫
k,吉
o,沙
s,作
k,曲
C,柴
o,夫
h,佩
e,迪
s,者
p,瓦
L,(
v,3
,~
L,1
v,4
n,1
v,7
(,:
1,3
8,0
9,P
5,M
L,娜
i,塔
b,莉
:,娜
V,1
l,4
m,2
r,3
,0
B,P
e,M
c,亞
h,歷
v,大
B,沃
a,廷
3,
~,
4,
7,
0,
u,伊
8,
9,
5,
c,昭
e,如
M,總
i,君
Y,偉
u,傑
d,作
s,石
t,本
i,松
v,岡
P,梁
u,梁
:,胡
S,寶
t,歐
t,凱
e,樺
h,頴
e,璇
g,叶
n,兆
g,齡
W,李
a,雯
K,芷
G,鷺
r,燕
d,林
C,曉
r,婉
g,鄧
a,鐳
s,督
n,單
,城
:,張
,蔓
K,姿
e,善
,財
I,和
s,也
m,字
o,創
t,作
D,林
a,歡
k,歐
a,陽
,翰
D,奇
v,宣
i,傳
,票
L,務
g,淑
,媚
e,宣
u,傳
a,鄭
i,珞
,璋
s,松
h,岡
M,胡
t,寶
e,S
y,光
N,r
h,R
t,u
D,h
s,i
g,s
n,k
:,i
U,獨
c,K
h,A
E,v
L,t
D,o
:,樂
v,L
W,r
:,李
,捍
W,忠
l,波
h,劍
e,原
p,駿
h,龍
D,樂
c,衛
i,達
:,服
I,計
o,彥
g,攝
B,鵬
I,捍
,忠
(,協
C,辦
e,港
s,兆
O,意
l,院
),製
,郎
,練
,宏
,崴
,映
,慈
,筱
,賴
,徽
,佑
,祐
,揚
,蘋
,昭
,郡
,育
(,何
h,玫
s,梁
(,梁
h,寶
B,家
o,祺
L,鴻
a,劇
p,作
y,導
i,創
j,作
D,樹
:,勁
A,佈
N,景
w,永
g,裝
t,何
:,姍
A,光
N,設
g,邦
p,台
e,姗
r,振
p,出
:,諾
a,鴻
n,業
W,趙
n,雋
Y,光
P,家
f,製
r,經
:,怡
l,*
l,承
c,香
W,藝
n,院
g,批
a,業
a,賀
t,富
o,龍
R,設
K,妍
L,導
D,濰
e,銘
g,以
r,查
:,海
l,師
,彩
F,婉
L,俊
g,甯
u,琪
e,趙
D,妍
g,蕊
J,鄺
A,甘
e,白
M,銘
C,以
o,珊
a,查
y,張
u,婉
e,敏
c,碧
y,趙
C,妍
l,鄧
o,麗
o,文
m,黃
i,狄
c,兒
W,舞
O,段
N,編
h,鄺
g,著
p,安
h,東
y,尼
:,‧
,埃
D,克
o,蘇
i,沙
c,畫
G,海
,潮
h,佈
o,景
r,阮
p,威
y,原
f,音
h,焯
i,堃
d,通
e,伙
n,伴
c,展
e,能
s,術
:,會
廨,
〡,《
夂,〡
〨,夂
〤,〨
*,〤
C,*
o,演
p,李
&,出
f,俊
:,r
a,p
M,y
n,^
P,何
r,宜
K,藝
s,*
M,首
r,於
p,東
h,邊
C,炫
h,創
o,者
g,^
r,首
p,於
a,學
d,《
f,坊
o,二
M,宜
e,黎
g,寧
a,特
p,邀
y,出
e,鎮
l,洲
n,佈
L,及
A,燈
I,光
s,張
E,H
h,K
u,W
o,像
w,設
r,關
p,織
d,關
D,織
r,北
e,村
t,綺
o,後
n,藤
:,優
K,小
a,山
o,晶
r,嗣
S,木
E,清
K,貴
D,田
a,花
n,乃
e,矢
r,吹
s,唯
K,光
S,田
E,政
K,義
k,堤
i,田
K,史
T,服
A,裝
U,計
u,K
G,U
O,C
T,H
O,I
M,D
K,關
o,織
"""",《
J,囚
(,高
K,雄
"""",簡
,麟
C,懿
g,簡
r,麟
a,懿
D,知
i,恆
n,翔
h,吉
e,兄
n,弟
i,裝
D,藤
a,悠
e,錄
h,老
i,地
e,方
n,工
L,室
h,y
i,守
g,》
:,高
i,賴
h,翃
s,涵
c,廖
H,舜
s,簡
h,麟
o,懿
d,k
r,P
h,p
s,K
e,y
D,u
e,z
g,y
U,a
p,t
V,y
n,j
:,o
,照
P,片
l,提
a,供
M,華
o,民
v,國
C,簡
i,懿
n,賴
,翃
L,中
y,成
L,程
a,崴
F,四
o,條
u,腿
r,雖
,好
l,兩
e,條
g,腿
s,更
,棒
,澳
g,門
d,編
w,導
e,艾
g,伯
s,西
M,．
c,西
),燈
"""",光
o,熠
D,E
c,B
t,K
i,O
A,m
e,b
G,i
a,z
c,l
e,c
r,u
G,(
c,r
i,I
e,f
i,A
n,g
v,s
L,影
M,r
:,v
A,I
N,W
E,o
T,r
R,x
B,S
K,a
O,m
(,u
V,圓
c,澳
e,門
B,及
l,演
n,勞
i,翠
),盈
c,樺
l,伯
b,特
r,加
t,西
r,翠
c,盈
a,劉
C,樺
a,麥
d,鴻
a,二
L,（
u,其
M,）
i,看
n,不
v,見
i,市
l,》
c,及
s,盤
),彥
"""",燊
g,燊
p,振
h,業
,走
W,（
a,圖
y,）
n,寳
P,夢
D,·
c,（
r,輔
:,烏
W,蘭
d,多
r,媒
i,體
u,振
h,G
i,b
D,l
s,C
w,《
m,這
a,就
s,演
(,喜
M,龍
p,姚
–,光
e,吳
́,文
m,安
S,何
T,珮
,姍
x,響
e,J
(,r
v,m
U,r
e,攝
),影
F,回
o,聲
l,摺
d,疊
E,及
"""",偉
r,能
h,光
d,黎
D,瑜
:,成
e,系
p,統
D,勤
c,影
s,S
J,v
p,i
h,@
L,J
L,’
i,s
:,c
T,第
z,十
e,六
a,及
d,玲
g,詠
H,燈
S,文
d,響
t,杳
D,影
J,h
a,@
e,g
P,K
t,g
:,A
S,t
v,F
@,v
J,l
’,1
s,6
d,馨
u,香
c,》
T,周
J,偉
h,玲
L,周
r,黎
D,威
A,服
I,裝
W,穎
a,妍
L,錄
A,像
W,業
i,攝
g,M
s,g
A,德
I,威
a,森
p,穰
y,排
a,總
D,井
i,關
r,佐
c,子
K,穰
N,森
A,島
M,都
O,繪
I,音
h,尊
e,室
s,服
r,廣
e,川
c,玉
t,枝
r,道
:,具
S,計
a,須
k,長
o,檀
I,椅
E,)
獼,
漮,
o,森
,穰
S,無
i,聲
l,語
u,及
m,導
r,賢
p,C
h,H
n,Y
d,o
c,y
n,L
u,燈
n,光
D,I
h,u
Y,樂
E,d
E,a
a,S
:,p
j,c
I,B
k,j
S,H
e,p
h,攝
c,朴
s,相
,潤
k,飛
d,導
s,仁
P,N
k,C
Y,n
F,i
"""",燈
p,y
h,英
o,賢
Y,哲
g,慶
T,美
a,尾
i,道
l,來
"""",金
C,羅
r,珠
h,磪
y,素
,瑛
n,曺
d,惠
i,李
r,惠
e,知
t,尹
:,樸
K,蘿
m,燈
B,設
,李
D,承
a,昊
u,在
R,德
u,攝
n,影
N,u
G,l
o,C
H,m
H,i
y,c
e,t
w,o
J,E
O,M
H,N
y,I
L,體
E,奏
S,》
j,舞
N,金
,保
Y,懢
R,A
K,N
:,B
o,K
u,y
d,n
s,H
:,J
K,E
P,u
p,M
K,金
m,羅
o,保
r,懢
a,一
p,鳴
d,任
D,傑
o,雄
:,侯
Y,朝
n,乾
D,暢
n,翟
c,蓉
e,芳
s,杜
:,月
,姣
e,高
n,蓉
Z,劉
h,彥
n,賈
g,珍
a,史
n,贏
i,徐
S,彥
X,樂
n,竇
g,唯
H,服
L,朱
n,源
W,響
C,竇
h,唯
M,像
h,立
a,恆
X,許
u,一
e,洪
o,成
g,佑
,特
H,克
G,裝
y,珠
c,申
:,昇
,煥
H,洪
O,成
N,佑
r,謝
d,欣
D,黎
i,星
c,超
o,沈
X,學
X,吟
i,韜
,龔
D,興
c,錢
s,樊
,芸
X,計
L,捷
X,裝
i,昆
u,殷
,漪
h,姜
n,峰
b,生
o,於
r,彼
,長
s,於
m,》
w,編
i,木
v,村
e,玲
h,木
r,玲
e,奈
"""",重
C,実
h,穂
e,添
o,幹
g,雄
a,遠
p,藤
h,僚
y,之
,介
n,佐
d,藤
,有
D,華
R,k
n,M
K,R
D,堤
a,田
n,祐
c,史
i,堤
n,田
a,祐
I,攝
M,影
A,b
M,z
i,z
I,r
S,&
T,j
o,一
T,支
R,導
n,山
o,田
s,云
N,小
D,山
O,晶
,嗣
r,川
h,龙
,木
S,原
A,浩
T,太
,酒
L,井
i,直
g,之
t,城
n,彦
A,k
M,R
R,音
A,響
d,澤
,千
e,子
R,木
n,奈
K,田
I,云
o,是
g,雙
r,人
a,房
m,（
e,選
1,）
a,構
n,思
2,及
D,才
a,和
A,明
b,及
l,道
e,具
m,河
"""",馬
E,佈
x,景
t,河
),馬
C,馬
o,財
n,勝
v,設
i,振
C,思
r,鄭
e,靈
o,敏
g,（
p,）
t,涵
o,（
C,）
w,「
o,單
,」
A,《
P,A
d,》
C,a
g,U
r,C
p,（
h,荷
n,測
d,試
y,二
Y,珂
I,（
M,中
t,子
u,涵
w,e
A,C
n,珂
y,周
M,涵
K,C
t,（
i,荷
,）
U,黑
C,鬼
(,馬
t,才
h,和
N,永
e,曦
e,仁
r,逵
n,釗
d,鳴
),小
,珂
H,（
k,國
g,）
a,嚴
i,葉
c,破
o,鄭
r,靈
o,國
w,周
,涵
M,（
A,中
W,）
i,等
M,t
d,M
u,S
c,O
:,演
d,麗
y,儀
Y,黑
I,鬼
r,馬
e,汶
o,萱
a,才
p,和
e,潘
:,蓓
P,英
r,寶
m,蕾
r,嚴
s,明
:,然
r,破
t,靈
e,佟
g,睿
p,秀
h,色
y,》
:,《
,夜
T,深
o,沉
R,之
u,雕
u,歡
(,為
,途
,你
,相
,浴
,傣
,雨
,歸
,漫
,慢
,蒲
,公
,野
,斑
,愛
,雙
,追
,尋
,往
,事
,東
,定
,溜
R,歡
H,繼
u,剛
X,小
X,真
L,剛
L,風
g,燕
r,德
:,威
L,出
k,燈
f,偉
L,智
,媒
T,體
k,計
L,業
f,體
m,雲
i,海
o,浩
Y,雅
i,工
t,之
e,歌
T,蹈
u,踏
p,歌
H,小
o,水
,點
D,萬
a,紫
n,千
c,紅
u,與
p,武
E,中
c,珍
t,童
e,晞
T,舞
p,張
e,秀
D,芭
c,學
i,校
G,民
r,族
W,羅
o,耀
r,威
e,何
r,皓
',斐
C,湯
b,黎
S,玲
d,儀
o,洪
f,祖
v,佩
D,張
a,秀
e,范
G,安
o,陳
u,軼
T,鑫
G,智
e,頤
S,劃
H,起
i,馨
b,導
u,羅
Y,何
u,斐
W,湯
H,少
o,玲
H,霍
i,祖
*,冰
T,李
n,佩
L,秀
o,芬
,范
L,慶
S,軼
u,唐
i,岑
g,頤
i,阿
c,隆
i,金
r,隆
:,佐
A,金
l,歌
K,莎
n,費
g,雪
g,阿
a,塞
e,莫
r,根
:,特
l,裝
K,拔
g,森
V,華
o,塞
l,隆
o,佐
z,金
a,丁
t,齊
i,默
n,曼
,獨
,蝸
,棕
,翹
,純
,生
,敬
R,程
x,彬
C,邱
e,希
r,徐
a,奕
p,婕
d,穎
n,宜
c,排
e,練
:,理
v,李
n,郭
:,及
B,響
K,沈
,尹
E,偉
m,程
l,行
R,何
h,露
s,理
A,怡
s,執
a,吳
r,立
m,斌
P,製
c,敏
r,概
:,念
b,陳
y,兒
n,戲
c,劇
c,志
h,樺
r,裝
p,琪
h,布
y,松
N,計
m,雅
u,響
n,多
C,胡
o,釗
s,鳴
d,敏
g,天
r,綠
:,美
y,宜
W,何
O,靜
N,茹
S,洪
s,宇
g,邱
n,仲
r,四
:,重
,紈
A,釗
N,洋
g,智
h,鋒
n,振
d,合
A,君
l,亮
i,宣
c,傳
W,短
O,片
N,製
G,作
u,Q
d,t
O,奧
l,利
e,柏
,別
,桃
,派
,頓
,鋼
,贊
,尼
,滕
,姆
,勒
,若
,告
,之
,昂
,福
,伏
,瞎
,醒
,代
,我
,輕
,侶
,式
,烏
,蘭
C,利
r,絲
y,桃
t,派
P,爾
t,利
e,昂
S,保
L,福
鏮,
P,可
u,歌
g,．
t,昂
M,福
:,ë
k,e
ë,r
S,舞
g,m
:,S
G,b
r,s
A,u
c,p
V,作
i,曲
:,現
é,樂
s,F
D,e
p,B
C,l
p,“
e,F
i,”
“,
”,
C,意
o,v
p,b
O,者
v,G
b,e
G,I
A,v
r,余
a,健
p,生
K,余
w,翰
o,廷
P,張
c,詞
:,郭
C,靈
a,踢
n,躂
P,者
E,安
v,妮
e,鈴
n,孔
g,君
r,海
t,顏
B,沛
P,王
l,梓
a,駿
w,執
r,行
u,景
,瀧
g,蕭
C,邦
m,服
:,甄
C,然
a,執
o,蕭
r,技
e,政
l,主
i,任
K,頴
w,儀
r,才
p,明
V,計
o,應
C,蘇
h,善
o,誼
w,光
d,錄
u,像
d,業
D,服
g,慧
M,宗
d,服
M,籌
y,堂
n,執
I,台
M,監
,濠
D,全
g,經
:,監
y,韋
i,淑
n,怡
f,創
i,毛
e,翠
y,絲
i,詠
n,恩
y,表
L,振
i,濠
t,振
s,天
i,尺
n,黎
e,貴
O,合
,萱
,梓
,航
,曦
,姿
s,靈
O,曉
n,玲
C,合
u,z
o,劃
n,韓
z,錦
c,韓
D,執
:,方
A,諾
p,智
u,庸
y,區
D,舜
c,斌
o,黎
r,聰
g,凱
r,盈
p,蕭
h,啟
e,良
:,參
R,演
k,校
n,道
g,會
T,紹
u,蔭
t,紀
h,大
r,舊
e,墟
o,公
g,立
r,學
a,校
h,閩
e,僑
:,學
B,褔
L,附
e,屬
u,學
n,校
D,振
a,強
n,念
W,二
i,教
L,會
A,李
M,興
,貴
K,中
L,工
a,子
i,弟
P,學
B,江
n,盈
L,徐
g,區
n,凱
,斌
M,凱
K,啟
h,郎
n,特
y,列
C,創
e,總
t,／
v,舞
D,達
i,格
r,瑪
c,徹
a,／
n,表
o,達
r,格
e,瑪
g,徹
p,瑪
e,烈
:,．
a,瑞
g,克
h,費
k,仁
a,遜
a,戲
d,娜
P,布
e,倫
m,默
i,希
t,流
k,動
g,效
e,浮
R,納
j,服
k,裝
r,杜
s,范
i,伊
c,塞
e,排
c,練
t,教
,瑪
F,莉
e,露
r,意
d,思
J,爾
n,爾
m,拉
u,維
r,塞
n,范
B,騰
a,格
g,瑪
a,徹
s,策
t,劃
o,劉
r,勵
X,倩
J,唐
i,棟
P,導
d,周
:,真
X,作
g,杜
i,泉
a,員
P,星
d,艷
u,超
e,孫
,閔
L,瑞
u,齊
,奇
,超
H,軼
n,美
Q,:
a,秦
n,立
,運
w,燈
:,劉
T,恕
n,秦
g,念
,鋒
o,陽
r,東
e,霖
g,造
r,型
r,賈
:,雷
X,熊
i,健
,踏
,條
,虫
,喜
,手
s,三
e,院
O,策
n,劃
y,統
),籌
,庭
,歐
,董
,仲
,觀
,誼
,鉻
,愉
C,瑜
h,軒
n,史
e,彥
s,庭
C,芷
h,君
n,歐
s,樺
k,邦
Y,家
u,棋
o,茵
r,賓
I,沅
r,向
u,民
o,貴
y,珊
S,賴
h,明
B,詠
r,慈
e,茜
n,婉
g,雯
L,蔡
e,素
e,芬
K,馮
k,琳
P,嘉
e,盈
y,潔
m,海
,嬰
s,靜
s,林
i,瑪
c,莉
M,淑
a,冰
E,廖
v,建
n,屈
s,鳳
u,吳
u,妙
s,綺
p,雯
r,潘
L,詩
P,慧
r,劉
f,桂
o,枝
m,蘇
:,鄺
何,琼
慧,
珊,鄭
,綺
賴,嵐
明,
慧,謝
陳,欣
詠,
慈,黃
劉,
茜,
殷,
鄭,
婉,
雯,
蔡,
素,
芬,
馮,
愷,
林,
嘉,
S,邦
u,詠
c,籌
r,仁
:,華
k,演
C,能
n,藍
:,儉
k,恩
,友
Y,情
u,興
,觸
v,徐
s,婕
n,盤
g,彥
f,寶
m,台
a,忠
v,廉
d,藍
L,穎
n,儉
g,豐
B,胡
u,恩
K,師
A,卓
l,然
c,黎
J,燊
o,善
r,泉
k,吳
y,易
g,王
r,丹
a,琦
h,楊
H,台
e,在
a,朗
H,韓
a,善
n,泉
S,吳
u,易
W,丹
u,琦
J,嫣
c,丘
k,展
y,誠
Y,邱
r,瑋
g,台
r,詩
:,韋
l,光
J,奇
i,^
f,承
e,蒙
r,城
,市
M,當
o,代
a,批
m,准
e,參
s,與
,是
Y,次
a,節
u,目
A,馬
i,雅
a,丘
J,誠
n,邱
:,仁
p,諾
:,施
J,然
c,馬
k,師
y,雅
Y,盧
u,敬
J,胡
W,諾
p,馬
a,敬
i,燊
K,藍
B,中
C,坂
h,田
),日
S,韓
(,宣
J,汰
e,東
n,岑
(,智
K,頤
e,香
J,舞
k,林
y,港
I,嬰
s,余
r,虹
o,凝
:,慧
c,少
k,麗
Y,麗
u,姍
C,馮
h,愷
o,琳
p,蔚
港,燈
深,光
陳,計
海,:
嬰,
余,佑
碧,
虹,舞
何,監
佩,督
凝,:
林,黃
慧,碧
嫣,芬
張,
少,
麗,
曾,
姍,
穎,
詩,
蔚,
彥,
白,
志,
源,
黃,
佑,
h,深
s,嬰
O,碧
y,何
),佩
,凝
c,A
o,f
&,i
P,r
u,者
A,圖
l,É
f,t
a,–
a,星
n,巴
s,國
L,歌
e,劇
t,院
e,首
s,席
É,員
l,安
e,É
(,o
,–
n,星
d,歌
P,院
i,席
i,員
l,法
O,特
p,É
é,t
t,–
P,黎
i,歌
s,劇
S,首
t,席
p,蹈
h,員
n,索
,柏
B,利
l,女
l,領
l,國
(,劇
S,院
t,首
c,加
),牙
d,首
c,白
p,加
,牙
O,國
p,家
é,舞
,首
N,席
l,里
d,西
i,蹈
o,員
u,薩
J,科
C,洛
l,巴
u,夫
s,瀚
t,周
v,巴
I,達
n,賓
M,卡
a,度
r,庫
s,方
e,薩
t,拉
J,尼
M,柏
e,諾
C,格
r,法
l,菲
o,爾
P,皮
c,洛
i,察
o,莉
g,安
a,莫
p,婷
o,搖
t,擺
o,曼
g,紐
a,汀
e,念
E,曼
m,紐
u,佈
D,‧
i,汀
n,丘
e,誠
:,偉
m,翠
a,絲
l,雯
V,:
D,徹
h,曼
S,‧
e,汀
m,曼
n,汀
U,停
s,了
t,－
o,在
p,上
a,的
b,心
l,跳
P,出
e,：
f,頒
:,守
W,演
n,：
g,姚
N,珊
g,陳
N,文
o,聰
l,洪
e,瑞
,珙
e,萬
O,尖
n,措
c,廷
r,琳
C,主
o,歌
r,手
a,琳
l,翰
i,奇
:,光
y,歐
W,翰
o,奇
g,形
,象
P,設
u,林
c,慧
t,珊
g,茹
d,嘉
g,韻
h,樂
n,偉
D,鄭
g,譚
n,芷
e,翎
:,徐
A,祈
Y,頴
o,康
I,菁
g,秀
e,嬌
D,劉
s,如
e,珍
,礎
S,傑
m,鄧
a,永
h,歌
a,手
L,作
G,詞
D,以
c,作
v,結
e,他
t,史
e,彦
g,鋼
n,聲
s,駿
M,手
y,和
,冬
,賈
,亦
,薛
,露
n,肖
e,瀚
l,肖
y,瀚
C,翠
h,茵
(,肖
C,瀚
O,玲
l,廖
y,綺
),芬
p,能
h,#
＆,希
m,亮
J,製
p,漢
L,燈
#,計
T,黎
Y,瑜
u,回
P,摺
r,疊
r,*
:,（
,睇
A,我
n,唔
d,到
L,聲
c,羅
u,成
t,軒
v,回
,摺
P,疊
u,曲
,熹
i,睇
c,我
h,唔
a,到
,道
L,具
h,靄
t,宜
n,睇
g,我
,唔
D,到
i,排
g,練
e,理
T,傳
s,錄
z,像
（,偉
F,盛
l,宣
d,傳
i,相
n,片
c,昊
o,平
e,面
）,計
w,元
m,曜
n,#
a,承
y,蒙
*,不
（,加
R,鎖
m,踊
a,館
i,允
n,許
I,與
v,次
b,*
）,香
S,城
o,巿
u,當
e,允
s,許
i,參
e,次
（,
e,邱
h,希
P,合
r,夥
t,伴
H,總
K,演
g,院
F,r
S,p
o,y
l,榮
f,蹈
D,司
c,港
O,總
t,會
(,聯
,省
l,集
),歌
,樹
,嫻
,鄒
(,鄧
C,樹
(,邢
i,梅
